S.No.,Name,Time
1,aa,9.029341220855713
2,aa,10.605592250823975
3,ravi,13.730364799499512
4,aa,13.84529423713684
5,ravi,19.83136010169983
6,ravi,20.093911170959473
7,aa,20.162378072738647
