S.No.,Name,Time
1,Aa,19.340068578720093
2,Aa,22.99643588066101
3,Aa,30.782883882522583
