S.No.,Name,Time
1,kiara,13.74817943572998
2,kiara,16.486760139465332
3,ravi,21.47942590713501
4,kiara,21.685276985168457
